ticker,var_price,sector
AAL,NA,Industrials
AAL,0.8703703703703705,Industrials
AAL,1.1239604356435642,Industrials
AAL,-0.21033009117415458,Industrials
AAP,NA,Consumer Discretionary
AAP,NA,Consumer Discretionary
AAP,NA,Consumer Discretionary
AAP,NA,Consumer Discretionary
AAPL,NA,Information Technology
AAPL,NA,Information Technology
AAPL,NA,Information Technology
AAPL,NA,Information Technology
ABBV,NA,Health Care
ABBV,NA,Health Care
ABBV,0.23915926454915248,Health Care
ABBV,-0.0947432733880419,Health Care
ABC,NA,Health Care
ABC,0.2651392067148677,Health Care
ABC,0.22884856809125864,Health Care
ABC,-0.14959468680060395,Health Care
ABT,NA,Health Care
ABT,0.21965687900227993,Health Care
ABT,0.17453685496807436,Health Care
ABT,-0.00244335850733024,Health Care
ADBE,NA,Information Technology
ADBE,0.2976400369432908,Information Technology
ADBE,0.2509500271444083,Information Technology
ADBE,0.08202240603281763,Information Technology
ADI,NA,Information Technology
ADI,NA,Information Technology
ADI,NA,Information Technology
ADI,NA,Information Technology
ADM,NA,Consumer Staples
ADM,0.5845200286425714,Consumer Staples
ADM,0.19815662681305857,Consumer Staples
ADM,-0.2946153846153846,Consumer Staples
ADS,NA,Information Technology
ADS,0.8163166764408911,Information Technology
ADS,0.08793213256579646,Information Technology
ADS,-0.033140994223708975,Information Technology
ADSK,NA,Information Technology
ADSK,0.31815840231074066,Information Technology
ADSK,NA,Information Technology
ADSK,NA,Information Technology
AEE,NA,Utilities
AEE,0.17708337164984922,Utilities
AEE,0.2757190542035399,Utilities
AEE,-0.06286583431897175,Utilities
AEP,NA,Utilities
AEP,0.09512656982193057,Utilities
AEP,0.29910137787328317,Utilities
AEP,-0.04034915941453954,Utilities
AFL,NA,Financials
AFL,0.2575302006312161,Financials
AFL,-0.08547908298746631,Financials
AFL,-0.01947942380094947,Financials
AIG,NA,Financials
AIG,0.4461756500333045,Financials
AIG,0.09715962971909176,Financials
AIG,0.10640962708122226,Financials
AIV,NA,Real Estate
AIV,-0.04249811686984917,Real Estate
AIV,0.433809417213431,Real Estate
AIV,0.07752346823561407,Real Estate
AIZ,NA,Financials
AIZ,0.03103807302826267,Financials
AIZ,0.17696918018412977,Financials
AIZ,NA,Financials
AJG,NA,Financials
AJG,0.003196292350309049,Financials
AJG,-0.130416370840426,Financials
AJG,NA,Financials
AKAM,NA,Information Technology
AKAM,0.15326326081642638,Information Technology
AKAM,0.33446373463331924,Information Technology
AKAM,-0.16407239777751592,Information Technology
ALB,NA,Materials
ALB,0.020444301681331378,Materials
ALB,-0.05142763924006377,Materials
ALB,-0.06851825929622046,Materials
ALK,NA,Industrials
ALK,0.7027153167788347,Industrials
ALK,0.6290035588522467,Industrials
ALK,0.3472223007771853,Industrials
ALL,NA,Financials
ALL,0.357729741485175,Financials
ALL,0.28804544759726003,Financials
ALL,-0.11615658362989323,Financials
ALLE,NA,Industrials
ALLE,0.25503508158033683,Industrials
ALLE,0.18860438493697051,Industrials
ALLE,NA,Industrials
ALXN,NA,Health Care
ALXN,0.3924593019092677,Health Care
ALXN,0.030913911424709006,Health Care
ALXN,NA,Health Care
AMAT,NA,Information Technology
AMAT,NA,Information Technology
AMAT,NA,Information Technology
AMAT,NA,Information Technology
AME,NA,Industrials
AME,0.4019163694437051,Industrials
AME,-7.593886751239287e-4,Industrials
AME,0.01824052786926611,Industrials
AMG,NA,Financials
AMG,0.6663850556919735,Financials
AMG,-0.021394318946091895,Financials
AMG,-0.247267285920013,Financials
AMGN,NA,Health Care
AMGN,0.3963007556749518,Health Care
AMGN,0.019084745643751733,Health Care
AMGN,NA,Health Care
AMP,NA,Financials
AMP,0.8369791020760162,Financials
AMP,0.14950018732289827,Financials
AMP,-0.19531192438563327,Financials
AMT,NA,Real Estate
AMT,0.03300120485315916,Real Estate
AMT,0.23841140065146593,Real Estate
AMT,-0.01922105248803352,Real Estate
AMZN,NA,Consumer Discretionary
AMZN,-0.22177085935971874,Consumer Discretionary
AMZN,1.177831486814922,Consumer Discretionary
AMZN,NA,Consumer Discretionary
AN,NA,Consumer Discretionary
AN,0.2157375974187481,Consumer Discretionary
AN,-0.012415163052474809,Consumer Discretionary
AN,NA,Consumer Discretionary
ANTM,NA,Health Care
ANTM,0.5165791535318174,Health Care
ANTM,0.36021213724658674,Health Care
ANTM,0.10957272395277662,Health Care
AON,NA,Financials
AON,0.5085415840938396,Financials
AON,0.13040890607234346,Financials
AON,-0.02762841869390653,Financials
APA,NA,Energy
APA,0.09477709554140135,Energy
APA,-0.27077034510657805,Energy
APA,-0.29041004596808817,Energy
APC,NA,Energy
APC,0.04009077155824525,Energy
APC,-0.41115149090909087,Energy
APC,NA,Energy
APD,NA,Materials
APD,0.22154454866518436,Materials
APD,-0.01997229313916482,Materials
APD,0.17839787444916744,Materials
APH,NA,Information Technology
APH,0.37836173315433097,Information Technology
APH,0.20677284144427,Information Technology
APH,-0.02936259005087183,Information Technology
ARNC,NA,Industrials
ARNC,0.22465442712170036,Industrials
ARNC,0.48541859184195824,Industrials
ARNC,-0.37492084395527914,Industrials
ATVI,NA,Information Technology
ATVI,0.6789077212806025,Information Technology
ATVI,0.1301177790241166,Information Technology
ATVI,0.9210917617866008,Information Technology
AVB,NA,Real Estate
AVB,-0.1280329929355556,Real Estate
AVB,0.3819673082474675,Real Estate
AVB,0.12693559047025893,Real Estate
AVGO,NA,Information Technology
AVGO,NA,Information Technology
AVY,NA,Materials
AVY,NA,Materials
AVY,NA,Materials
AVY,NA,Materials
AWK,NA,Utilities
AWK,0.1381631258237781,Utilities
AWK,0.2612399792352096,Utilities
AWK,0.12101315424039694,Utilities
AXP,NA,Financials
AXP,0.5784621259568545,Financials
AXP,0.025460133623053105,Financials
AXP,-0.25247203082037795,Financials
AYI,NA,Industrials
AYI,NA,Industrials
AYI,NA,Industrials
AYI,0.4118130141071745,Industrials
AZO,NA,Consumer Discretionary
AZO,NA,Consumer Discretionary
AZO,NA,Consumer Discretionary
AZO,NA,Consumer Discretionary
BA,NA,Industrials
BA,-0.04769586608191567,Industrials
BA,0.11240191144489664,Industrials
BA,NA,Industrials
BAC,NA,Financials
BAC,0.3410852713178296,Financials
BAC,0.14900443159922916,Financials
BAC,-0.0592509256149204,Financials
BAX,NA,Health Care
BAX,0.043354304780060415,Health Care
BAX,0.05377427827302017,Health Care
BAX,-0.04169526972400661,Health Care
BBBY,NA,Consumer Discretionary
BBBY,NA,Consumer Discretionary
BBBY,NA,Consumer Discretionary
BBBY,NA,Consumer Discretionary
BBT,NA,Financials
BBT,0.2820336213660728,Financials
BBT,0.04206856913183277,Financials
BBT,-0.027770584411689114,Financials
BBY,NA,Consumer Discretionary
BBY,NA,Consumer Discretionary
BBY,NA,Consumer Discretionary
BBY,NA,Consumer Discretionary
BCR,NA,Health Care
BCR,0.243989790294314,Health Care
BCR,0.13695839445920055,Health Care
BCR,NA,Health Care
BDX,NA,Health Care
BDX,0.13787243964824336,Health Care
BDX,0.16562697769311963,Health Care
BDX,0.3548167539630107,Health Care
BHI,NA,Energy
BHI,0.014658017179081329,Energy
BHI,-0.17692166934189402,Energy
BHI,NA,Energy
BIIB,NA,Health Care
BIIB,0.21418608398861627,Health Care
BIIB,-0.09751069326814465,Health Care
BIIB,NA,Health Care
BK,NA,Financials
BK,0.35953298211933915,Financials
BK,0.16113340472619941,Financials
BK,0.016021715553364624,Financials
BLL,NA,Materials
BLL,0.15441340782122892,Materials
BLL,0.31958958575300067,Materials
BLL,0.06689166985159645,Materials
BMY,NA,Health Care
BMY,0.6308684258975144,Health Care
BMY,0.11063023102049918,Health Care
BMY,0.16533969448313912,Health Care
BSX,NA,Health Care
BSX,1.0977312390924956,Health Care
BSX,0.10232945091514156,Health Care
BSX,0.3916981886792452,Health Care
BWA,NA,Consumer Discretionary
BWA,-0.017170434627079123,Consumer Discretionary
BWA,-0.21328481868453475,Consumer Discretionary
BWA,NA,Consumer Discretionary
BXP,NA,Real Estate
BXP,-0.05141286365018172,Real Estate
BXP,0.2821560043193383,Real Estate
BXP,-0.008936210910929887,Real Estate
C,NA,Financials
C,0.31723962797675354,Financials
C,0.038380348524652774,Financials
C,-0.043614876296158234,Financials
CAG,NA,Consumer Staples
CAG,NA,Consumer Staples
CAG,NA,Consumer Staples
CAG,NA,Consumer Staples
CAH,NA,Health Care
CAH,NA,Health Care
CAH,0.2200992479608883,Health Care
CAH,-0.06742378798747672,Health Care
CAT,NA,Industrials
CAT,0.007928653406643837,Industrials
CAT,-0.2575112013275561,Industrials
CAT,NA,Industrials
CB,NA,Financials
CB,0.29736835974805653,Financials
CB,0.10963004066096826,Financials
CB,0.01714833784335834,Financials
CBG,NA,Real Estate
CBG,0.3216079899497488,Real Estate
CBG,0.3022814183376965,Real Estate
CBG,0.009635094890511064,Real Estate
CCI,NA,Real Estate
CCI,0.017599721862543216,Real Estate
CCI,0.0717689908756638,Real Estate
CCI,0.09847522611722592,Real Estate
CCL,NA,Consumer Discretionary
CCL,NA,Consumer Discretionary
CCL,NA,Consumer Discretionary
CCL,0.017415416928862504,Consumer Discretionary
CELG,NA,Health Care
CELG,0.32402201974301925,Health Care
CELG,0.07062400258694801,Health Care
CELG,NA,Health Care
CERN,NA,Health Care
CERN,NA,Health Care
CERN,NA,Health Care
CERN,NA,Health Care
CF,NA,Materials
CF,0.1470762404016539,Materials
CF,0.1694987404501862,Materials
CF,-0.25130253450468776,Materials
CFG,NA,Financials
CFG,NA,Financials
CFG,NA,Financials
CFG,NA,Financials
CHD,NA,Consumer Staples
CHD,0.23725964159044244,Consumer Staples
CHD,0.18904645728796687,Consumer Staples
CHD,0.0770206719203319,Consumer Staples
CHK,NA,Energy
CHK,0.6329723826733076,Energy
CHK,-0.23782279890087443,Energy
CHK,-0.770056208482371,Energy
CHRW,NA,Industrials
CHRW,-0.07703263085997114,Industrials
CHRW,0.2834618948915817,Industrials
CHRW,-0.17185203861466203,Industrials
CHTR,NA,Consumer Discretionary
CHTR,0.21833870350755702,Consumer Discretionary
CHTR,0.09890776314091254,Consumer Discretionary
CHTR,NA,Consumer Discretionary
CI,NA,Health Care
CI,0.6363637230894821,Health Care
CI,0.1763831786791321,Health Care
CI,0.4219220319921473,Health Care
CINF,NA,Financials
CINF,0.33733398876404497,Financials
CINF,-0.010311189809264598,Financials
CINF,0.14161674159302562,Financials
CL,NA,Consumer Staples
CL,0.2475607112343532,Consumer Staples
CL,0.06103363074733381,Consumer Staples
CL,-0.03714408044098638,Consumer Staples
CLX,NA,Consumer Staples
CLX,NA,Consumer Staples
CLX,0.1380743405235374,Consumer Staples
CLX,0.3304172562127643,Consumer Staples
CMA,NA,Financials
CMA,-0.014724463299863877,Financials
CMA,-0.10695982066609744,Financials
CMA,NA,Financials
CME,NA,Financials
CME,0.5484508012019262,Financials
CME,0.12987513548145735,Financials
CME,0.021996570287725392,Financials
CMG,NA,Consumer Discretionary
CMG,0.2847891676510268,Consumer Discretionary
CMG,-0.2989875984428627,Consumer Discretionary
CMG,NA,Consumer Discretionary
CMI,NA,Industrials
CMI,0.02269984377740042,Industrials
CMI,-0.38954010389873206,Industrials
CMI,NA,Industrials
CMS,NA,Utilities
CMS,0.2980948823309675,Utilities
CMS,0.03827343884892098,Utilities
CMS,NA,Utilities
CNC,NA,Health Care
CNC,0.4378049024390245,Health Care
CNC,0.7616623619734968,Health Care
CNC,0.2674048968205083,Health Care
CNP,NA,Utilities
CNP,0.2041558441558442,Utilities
CNP,0.010785159620362306,Utilities
CNP,-0.2163892018779342,Utilities
COF,NA,Financials
COF,0.3224581563956499,Financials
COF,0.07753559486313022,Financials
COF,-0.12562086763340274,Financials
COG,NA,Energy
COG,0.5585040788699609,Energy
COG,-0.23606804623674138,Energy
COG,-0.40256668684340813,Energy
COL,NA,Industrials
COL,0.15679338112594499,Industrials
COL,0.04254771974522287,Industrials
COL,0.030547411072698427,Industrials
COO,NA,Health Care
COO,0.2684775568505309,Health Care
COO,NA,Health Care
COO,NA,Health Care
COST,NA,Consumer Staples
COST,NA,Consumer Staples
COST,NA,Consumer Staples
COST,NA,Consumer Staples
COTY,NA,Consumer Staples
COTY,NA,Consumer Staples
COTY,NA,Consumer Staples
COTY,NA,Consumer Staples
CPB,NA,Consumer Staples
CPB,NA,Consumer Staples
CPB,NA,Consumer Staples
CPB,NA,Consumer Staples
CRM,NA,Information Technology
CRM,0.4066112180732231,Information Technology
CRM,NA,Information Technology
CRM,NA,Information Technology
CSCO,NA,Information Technology
CSCO,NA,Information Technology
CSCO,NA,Information Technology
CSCO,NA,Information Technology
CSRA,NA,Information Technology
CSRA,NA,Information Technology
CSX,NA,Industrials
CSX,0.2749391727493917,Industrials
CSX,NA,Industrials
CSX,NA,Industrials
CTAS,NA,Industrials
CTAS,NA,Industrials
CTAS,NA,Industrials
CTAS,NA,Industrials
CTL,NA,Telecommunications Services
CTL,-0.18583842499586978,Telecommunications Services
CTL,0.24270021978021972,Telecommunications Services
CTL,-0.36432544899820873,Telecommunications Services
CTSH,NA,Information Technology
CTSH,0.36681114104539003,Information Technology
CTSH,0.04297877669898664,Information Technology
CTSH,0.13976452715533627,Information Technology
CTXS,NA,Information Technology
CTXS,0.00869563636363635,Information Technology
CTXS,0.185736727049165,Information Technology
CTXS,NA,Information Technology
CVS,NA,Consumer Staples
CVS,0.3456755344418052,Consumer Staples
CVS,0.015159371096653995,Consumer Staples
CVS,NA,Consumer Staples
CVX,NA,Energy
CVX,0.15507680002845192,Energy
CVX,-0.1019134063913727,Energy
CVX,-0.19807453200213954,Energy
CXO,NA,Energy
CXO,0.3406157234512346,Energy
CXO,-0.07638888888888884,Energy
CXO,-0.06907267167919806,Energy
D,NA,Utilities
D,0.24884176156065196,Utilities
D,0.18874632280889392,Utilities
D,-0.12041616071739503,Utilities
DAL,NA,Industrials
DAL,0.7906807714117499,Industrials
DAL,0.030494003466029707,Industrials
DAL,NA,Industrials
DD,NA,Materials
DD,0.1380636776672759,Materials
DD,-0.05153094823015081,Materials
DD,NA,Materials
DE,NA,Industrials
DE,0.04521022948241593,Industrials
DE,NA,Industrials
DE,NA,Industrials
DFS,NA,Financials
DFS,0.34462868674288205,Financials
DFS,0.1705093267111828,Financials
DFS,-0.18124903592148534,Financials
DG,NA,Consumer Discretionary
DG,0.21694038930294712,Consumer Discretionary
DG,0.19069598721590886,Consumer Discretionary
DG,0.11929615625696854,Consumer Discretionary
DGX,NA,Health Care
DGX,-0.08117382872833367,Health Care
DGX,0.2525214185184643,Health Care
DGX,0.06084105460307376,Health Care
DHI,NA,Consumer Discretionary
DHI,0.0560988162635101,Consumer Discretionary
DHI,0.430799269005848,Consumer Discretionary
DHI,0.028610353248966103,Consumer Discretionary
DHR,NA,Industrials
DHR,0.3810375534513959,Industrials
DHR,0.11023317071881666,Industrials
DHR,0.08365417978124912,Industrials
DIS,NA,Consumer Discretionary
DIS,NA,Consumer Discretionary
DIS,NA,Consumer Discretionary
DIS,NA,Consumer Discretionary
DISCA,NA,Consumer Discretionary
DISCA,-0.25438342771906275,Consumer Discretionary
DISCA,-0.2255442895342732,Consumer Discretionary
DISCA,NA,Consumer Discretionary
DISCK,NA,Consumer Discretionary
DISCK,-0.1958025137633851,Consumer Discretionary
DISCK,-0.2520759711721242,Consumer Discretionary
DISCK,NA,Consumer Discretionary
DLPH,NA,Consumer Discretionary
DLPH,0.2093796738835909,Consumer Discretionary
DLPH,0.17890541558160877,Consumer Discretionary
DLPH,NA,Consumer Discretionary
DLR,NA,Real Estate
DLR,-0.27647665748234884,Real Estate
DLR,0.3497557888793932,Real Estate
DLR,0.14057314597708226,Real Estate
DLTR,NA,Consumer Discretionary
DLTR,NA,Consumer Discretionary
DLTR,NA,Consumer Discretionary
DLTR,NA,Consumer Discretionary
DNB,NA,Industrials
DNB,0.5607119755699435,Industrials
DNB,-0.014582492871690445,Industrials
DNB,-0.1407903368120893,Industrials
DOV,NA,Industrials
DOV,-0.10480007965828786,Industrials
DOV,-0.14514779496447572,Industrials
DOV,NA,Industrials
DPS,NA,Consumer Staples
DPS,0.471264337617727,Consumer Staples
DPS,0.30022317243303553,Consumer Staples
DPS,NA,Consumer Staples
DRI,NA,Consumer Discretionary
DRI,NA,Consumer Discretionary
DRI,NA,Consumer Discretionary
DRI,NA,Consumer Discretionary
DUK,NA,Utilities
DUK,0.08166149030817382,Utilities
DUK,0.2105491751760853,Utilities
DUK,-0.14543933270960818,Utilities
DVA,NA,Health Care
DVA,0.14665700847423335,Health Care
DVA,0.19520276463946296,Health Care
DVA,-0.07961445945641565,Health Care
DVN,NA,Energy
DVN,-0.01066752886160538,Energy
DVN,-0.47720959773255345,Energy
DVN,NA,Energy
EA,NA,Information Technology
EA,NA,Information Technology
EA,1.0275766976904515,Information Technology
EA,0.12393745324719485,Information Technology
EBAY,NA,Information Technology
EBAY,0.022781027468173898,Information Technology
EBAY,0.1634441313943511,Information Technology
EBAY,NA,Information Technology
ECL,NA,Materials
ECL,0.45020854102340646,Materials
ECL,0.002397621628396074,Materials
ECL,0.09433601495415278,Materials
ED,NA,Utilities
ED,0.19410280741864705,Utilities
ED,-0.02635971742585308,Utilities
ED,NA,Utilities
EFX,NA,Industrials
EFX,0.27660748848129124,Industrials
EFX,0.1705023546390132,Industrials
EFX,0.3771484959633302,Industrials
EIX,NA,Utilities
EIX,0.024562956949833126,Utilities
EIX,0.4142549549515109,Utilities
EIX,-0.09575448553354515,Utilities
EL,NA,Consumer Staples
EL,NA,Consumer Staples
EL,0.16698090043143288,Consumer Staples
EL,0.05031147933018798,Consumer Staples
EMN,NA,Materials
EMN,0.18589262957122865,Materials
EMN,-0.059975169515805504,Materials
EMN,-0.11007116912640158,Materials
EMR,NA,Industrials
EMR,-0.032766539386392846,Industrials
EMR,-0.2941834997065037,Industrials
EMR,0.23409555055900166,Industrials
EOG,NA,Energy
EOG,0.38951895529829494,Energy
EOG,0.0971163273859943,Energy
EOG,-0.23112847833170402,Energy
EQIX,NA,Real Estate
EQIX,-0.1394277420867276,Real Estate
EQIX,0.2777120306178422,Real Estate
EQIX,0.3337449800863579,Real Estate
EQR,NA,Real Estate
EQR,-0.08470088529030828,Real Estate
EQR,0.38500091353385213,Real Estate
EQR,0.1357182703629327,Real Estate
EQT,NA,Energy
EQT,-0.15682782531552497,Energy
EQT,-0.311360593581001,Energy
EQT,NA,Energy
ES,NA,Utilities
ES,0.0846979741710352,Utilities
ES,0.2625619547667364,Utilities
ES,-0.04577727952167421,Utilities
ESS,NA,Real Estate
ESS,-0.021411518093890858,Real Estate
ESS,0.4396210243056591,Real Estate
ESS,0.15880927902780395,Real Estate
ETFC,NA,Financials
ETFC,1.1944132960893854,Financials
ETFC,0.23523427877974945,Financials
ETFC,0.2217641797197032,Financials
ETN,NA,Industrials
ETN,0.4049465300849022,Industrials
ETN,-0.10719920754601131,Industrials
ETN,-0.23425541839693087,Industrials
ETR,NA,Utilities
ETR,-0.0075294117647057845,Utilities
ETR,0.3826458511142721,Utilities
ETR,-0.21856425862262485,Utilities
EW,NA,Health Care
EW,-0.27071084109373056,Health Care
EW,0.9370436910874791,Health Care
EW,0.24006916093741149,Health Care
EXC,NA,Utilities
EXC,0.3537788738144898,Utilities
EXC,-0.25107878904645153,Utilities
EXC,NA,Utilities
EXPD,NA,Industrials
EXPD,0.11883694358626906,Industrials
EXPD,0.008135615819208963,Industrials
EXPD,0.010984016790315687,Industrials
EXPE,NA,Consumer Discretionary
EXPE,0.2253803631708089,Consumer Discretionary
EXPE,0.45618558509623264,Consumer Discretionary
EXPE,NA,Consumer Discretionary
EXR,NA,Real Estate
EXR,0.1577357009545397,Real Estate
EXR,0.39188221239301657,Real Estate
EXR,0.504263310099988,Real Estate
F,NA,Consumer Discretionary
F,0.004536616979909258,Consumer Discretionary
F,-0.09096774193548385,Consumer Discretionary
F,NA,Consumer Discretionary
FAST,NA,Industrials
FAST,0.0010524732078498467,Industrials
FAST,-0.14171574554844946,Industrials
FAST,NA,Industrials
FB,NA,Information Technology
FB,0.42763026797327486,Information Technology
FB,0.34145101287302015,Information Technology
FB,NA,Information Technology
FBHS,NA,Industrials
FBHS,NA,Industrials
FBHS,-0.009409212047938431,Industrials
FBHS,0.22597746852220002,Industrials
FCX,NA,Materials
FCX,0.10350879814301739,Materials
FCX,-0.3810280932152573,Materials
FCX,-0.7101883685707034,Materials
FDX,NA,Industrials
FDX,NA,Industrials
FDX,NA,Industrials
FDX,NA,Industrials
FE,NA,Utilities
FE,-0.21024900432227045,Utilities
FE,0.18223171619163137,Utilities
FE,-0.18620163189527406,Utilities
FFIV,NA,Information Technology
FFIV,0.38375481607632733,Information Technology
FFIV,-0.02475993809600696,Information Technology
FFIV,0.07633847816048855,Information Technology
FIS,NA,Information Technology
FIS,0.5420855632839539,Information Technology
FIS,0.15871834947839036,Information Technology
FIS,-0.025723520486760187,Information Technology
FISV,NA,Information Technology
FISV,0.49436922047790977,Information Technology
FISV,0.20186286539987908,Information Technology
FISV,0.28871350868376067,Information Technology
FL,NA,Consumer Discretionary
FL,NA,Consumer Discretionary
FL,NA,Consumer Discretionary
FL,NA,Consumer Discretionary
FLIR,NA,Information Technology
FLIR,0.3485663082437276,Information Technology
FLIR,0.07342196013289026,Information Technology
FLIR,-0.13122874864658773,Information Technology
FLR,NA,Industrials
FLR,-0.24486237084490758,Industrials
FLR,-0.22117763118625045,Industrials
FLR,NA,Industrials
FLS,NA,Industrials
FLS,-0.24102498437079822,Industrials
FLS,-0.29667389949276624,Industrials
FLS,NA,Industrials
FMC,NA,Materials
FMC,0.28947366712235123,Materials
FMC,-0.2442353597168746,Materials
FMC,-0.3138698634730819,Materials
FRT,NA,Real Estate
FRT,0.31604379978133124,Real Estate
FRT,0.09471001301535975,Real Estate
FRT,NA,Real Estate
FSLR,NA,Information Technology
FSLR,0.7705767086656932,Information Technology
FSLR,-0.18374819150344424,Information Technology
FSLR,0.4795964340626204,Information Technology
FTR,NA,Telecommunications Services
FTR,0.08644859813084116,Telecommunications Services
FTR,0.43440860215053756,Telecommunications Services
FTR,-0.2998500749625187,Telecommunications Services
GD,NA,Industrials
GD,0.4402929427432878,Industrials
GD,-0.001889216752260281,Industrials
GD,NA,Industrials
GGP,NA,Real Estate
GGP,0.011083123425692731,Real Estate
GGP,0.4015943697060289,Real Estate
GGP,-0.032705297998766425,Real Estate
GILD,NA,Health Care
GILD,1.0449285518691038,Health Care
GILD,0.25512655805929585,Health Care
GILD,0.07352004936303747,Health Care
GIS,NA,Consumer Staples
GIS,NA,Consumer Staples
GIS,NA,Consumer Staples
GIS,NA,Consumer Staples
GLW,NA,Information Technology
GLW,0.28675645342311995,Information Technology
GLW,-0.20279105974705636,Information Technology
GLW,NA,Information Technology
GM,NA,Consumer Discretionary
GM,-0.14582821497010567,Consumer Discretionary
GM,-0.025780635920939377,Consumer Discretionary
GM,NA,Consumer Discretionary
GPC,NA,Consumer Discretionary
GPC,0.3084303142991409,Consumer Discretionary
GPC,0.2810433638407652,Consumer Discretionary
GPC,-0.19405086797410143,Consumer Discretionary
GPN,NA,Information Technology
GPN,NA,Information Technology
GPN,NA,Information Technology
GPN,NA,Information Technology
GPS,NA,Consumer Discretionary
GPS,NA,Consumer Discretionary
GPS,NA,Consumer Discretionary
GPS,NA,Consumer Discretionary
GRMN,NA,Consumer Discretionary
GRMN,NA,Consumer Discretionary
GRMN,NA,Consumer Discretionary
GRMN,NA,Consumer Discretionary
GT,NA,Consumer Discretionary
GT,0.19790356394129982,Consumer Discretionary
GT,0.14350710535526767,Consumer Discretionary
GT,NA,Consumer Discretionary
GWW,NA,Industrials
GWW,0.26214361966061217,Industrials
GWW,-0.002075009804048289,Industrials
GWW,-0.2051865636360255,Industrials
HAL,NA,Energy
HAL,-0.22502459113300488,Energy
HAL,-0.1345029425627795,Energy
HAL,NA,Energy
HAR,NA,Consumer Discretionary
HAR,NA,Consumer Discretionary
HAR,0.10713955133575359,Consumer Discretionary
HAR,-0.3961661443388912,Consumer Discretionary
HAS,NA,Consumer Discretionary
HAS,NA,Consumer Discretionary
HAS,NA,Consumer Discretionary
HAS,NA,Consumer Discretionary
HBAN,NA,Financials
HBAN,0.5101721439749609,Financials
HBAN,0.09015544041450774,Financials
HBAN,0.051330798479087614,Financials
HBI,NA,Consumer Discretionary
HBI,NA,Consumer Discretionary
HBI,NA,Consumer Discretionary
HBI,NA,Consumer Discretionary
HCA,NA,Health Care
HCA,NA,Health Care
HCA,0.5382519500786407,Health Care
HCA,-0.0784848355155312,Health Care
HCN,NA,Real Estate
HCN,-0.12595857193737026,Real Estate
HCN,0.4125442971812583,Real Estate
HCN,-0.10096470466405993,Real Estate
HCP,NA,Real Estate
HCP,0.21227972983827303,Real Estate
HCP,-0.13150124616131498,Real Estate
HCP,NA,Real Estate
HD,NA,Consumer Discretionary
HD,NA,Consumer Discretionary
HD,NA,Consumer Discretionary
HD,NA,Consumer Discretionary
HES,NA,Energy
HES,0.56722057339918,Energy
HES,-0.11060240963855428,Energy
HES,-0.343267407206719,Energy
HIG,NA,Financials
HIG,0.6145275572848681,Financials
HIG,0.1507038089980679,Financials
HIG,0.04245622553265127,Financials
HOG,NA,Consumer Discretionary
HOG,0.4179806505025332,Consumer Discretionary
HOG,-0.04809350225573372,Consumer Discretionary
HOG,-0.31133369374397246,Consumer Discretionary
HOLX,NA,Health Care
HOLX,NA,Health Care
HOLX,NA,Health Care
HOLX,NA,Health Care
HON,NA,Industrials
HON,0.09357551405574549,Industrials
HON,0.03652924412588554,Industrials
HON,NA,Industrials
HP,NA,Energy
HP,0.4194344780029504,Energy
HP,-0.5171145749326277,Energy
HP,0.4240373645381872,Energy
HPE,NA,Information Technology
HPE,NA,Information Technology
HPE,NA,Information Technology
HPQ,NA,Information Technology
HPQ,0.472302008403501,Information Technology
HPQ,NA,Information Technology
HPQ,NA,Information Technology
HRB,NA,Financials
HRB,0.024513338139870333,Financials
HRB,0.06403940886699488,Financials
HRB,NA,Financials
HRL,NA,Consumer Staples
HRL,NA,Consumer Staples
HRL,NA,Consumer Staples
HRL,NA,Consumer Staples
HRS,NA,Information Technology
HRS,0.54274117766497465,Information Technology
HRS,NA,Information Technology
HRS,NA,Information Technology
HSIC,NA,Health Care
HSIC,NA,Health Care
HSIC,NA,Health Care
HSIC,NA,Health Care
HST,NA,Real Estate
HST,0.2405871729419271,Real Estate
HST,0.22273656261643193,Real Estate
HST,-0.3546487168700042,Real Estate
HSY,NA,Consumer Staples
HSY,0.3463029860661453,Consumer Staples
HSY,0.06890874003161351,Consumer Staples
HSY,-0.14105650918887713,Consumer Staples
HUM,NA,Health Care
HUM,0.39149393149104905,Health Care
HUM,0.2428461239697095,Health Care
HUM,NA,Health Care
IBM,NA,Information Technology
IBM,-0.020777843579569133,Information Technology
IBM,-0.14463935590725874,Information Technology
IBM,-0.1422338987505124,Information Technology
IDXX,NA,Health Care
IDXX,0.1462284435486494,Health Care
IDXX,0.393908055074512,Health Care
IDXX,-0.016389073544504584,Health Care
IFF,NA,Materials
IFF,0.29215512034633107,Materials
IFF,0.17887877952272224,Materials
IFF,0.18034725552143605,Materials
ILMN,NA,Health Care
ILMN,NA,Health Care
ILMN,NA,Health Care
ILMN,NA,Health Care
INTC,NA,Information Technology
INTC,NA,Information Technology
INTC,NA,Information Technology
INTC,NA,Information Technology
INTU,NA,Information Technology
INTU,0.2823842860570802,Information Technology
INTU,0.2903500757551536,Information Technology
INTU,NA,Information Technology
IP,NA,Materials
IP,0.23067283557625884,Materials
IP,0.1080994140580005,Materials
IP,-0.2963792535879338,Materials
IPG,NA,Consumer Discretionary
IPG,0.6061706896551724,Consumer Discretionary
IPG,0.17344626138721675,Consumer Discretionary
IPG,0.12084742416947525,Consumer Discretionary
IRM,NA,Real Estate
IRM,-0.02254424975536573,Real Estate
IRM,0.37825752438977345,Real Estate
IRM,-0.30134505949301593,Real Estate
ISRG,NA,Health Care
ISRG,0.37716105994348514,Health Care
ISRG,0.032555622442788756,Health Care
ISRG,NA,Health Care
ITW,NA,Industrials
ITW,0.1263082153589863,Industrials
ITW,-0.021330486420184203,Industrials
ITW,NA,Industrials
IVZ,NA,Financials
IVZ,0.3951706400919892,Financials
IVZ,0.08571422605965795,Financials
IVZ,-0.15283400809716619,Financials
JBHT,NA,Industrials
JBHT,0.29459059277492194,Industrials
JBHT,0.08990940142654313,Industrials
JBHT,-0.12925814836795257,Industrials
JEC,NA,Industrials
JEC,-0.14033571309334292,Industrials
JEC,-0.24718192431561992,Industrials
JEC,0.382887653321516,Industrials
JNPR,NA,Information Technology
JNPR,0.14743263853584132,Information Technology
JNPR,-0.01107665042091277,Information Technology
JNPR,0.23655913978494625,Information Technology
JPM,NA,Financials
JPM,0.3299976954742392,Financials
JPM,0.07010947332421358,Financials
JPM,0.055129384623541666,Financials
JWN,NA,Consumer Discretionary
JWN,NA,Consumer Discretionary
JWN,NA,Consumer Discretionary
JWN,NA,Consumer Discretionary
K,NA,Consumer Staples
K,NA,Consumer Staples
K,NA,Consumer Staples
K,NA,Consumer Staples
KEY,NA,Financials
KEY,0.16929824561403506,Financials
KEY,-0.02400600150037513,Financials
KEY,-0.06456571867794003,Financials
KIM,NA,Real Estate
KIM,0.02225672877846785,Real Estate
KIM,0.2729113417721518,Real Estate
KIM,0.052505968675655046,Real Estate
KLAC,NA,Information Technology
KLAC,NA,Information Technology
KLAC,-0.2261839238186113,Information Technology
KLAC,0.30314892907221,Information Technology
KMB,NA,Consumer Staples
KMB,0.15363039848872995,Consumer Staples
KMB,0.10178294874690197,Consumer Staples
KMB,NA,Consumer Staples
KMI,NA,Energy
KMI,0.1752778055555555,Energy
KMI,-0.6473646975333326,Energy
KMI,NA,Energy
KMX,NA,Consumer Discretionary
KMX,0.26086956521739135,Consumer Discretionary
KMX,NA,Consumer Discretionary
KMX,NA,Consumer Discretionary
KO,NA,Consumer Staples
KO,0.13958623448275853,Consumer Staples
KO,0.02202856397897457,Consumer Staples
KO,0.017527190489645017,Consumer Staples
KORS,NA,Consumer Discretionary
KORS,NA,Consumer Discretionary
KORS,NA,Consumer Discretionary
KORS,NA,Consumer Discretionary
KR,NA,Consumer Staples
KR,NA,Consumer Staples
KR,NA,Consumer Staples
KR,NA,Consumer Staples
KSS,NA,Consumer Discretionary
KSS,NA,Consumer Discretionary
KSS,NA,Consumer Discretionary
KSS,NA,Consumer Discretionary
KSU,NA,Industrials
KSU,-0.014536081490170605,Industrials
KSU,-0.38810129794395876,Industrials
KSU,NA,Industrials
LB,NA,Consumer Discretionary
LB,NA,Consumer Discretionary
LB,NA,Consumer Discretionary
LB,NA,Consumer Discretionary
LEG,NA,Industrials
LEG,0.13666429598325847,Industrials
LEG,0.3771816296967798,Industrials
LEG,-0.013846538046314416,Industrials
LEN,NA,Consumer Discretionary
LEN,NA,Consumer Discretionary
LEN,NA,Consumer Discretionary
LEN,-0.16930283478427732,Consumer Discretionary
LH,NA,Health Care
LH,0.05483721814232667,Health Care
LH,0.1809127553602028,Health Care
LH,0.14587578042862326,Health Care
LKQ,NA,Consumer Discretionary
LKQ,0.5592418009478672,Consumer Discretionary
LKQ,-0.1452887753623845,Consumer Discretionary
LKQ,0.05369836224401281,Consumer Discretionary
LLL,NA,Industrials
LLL,0.394674978021079,Industrials
LLL,0.18107802563093744,Industrials
LLL,-0.05308610294815075,Industrials
LLTC,NA,Information Technology
LLTC,NA,Information Technology
LLTC,NA,Information Technology
LLTC,NA,Information Technology
LLY,NA,Health Care
LLY,0.03406326034063256,Health Care
LLY,0.35274505882352947,Health Care
LLY,0.2213364899648207,Health Care
LMT,NA,Industrials
LMT,0.2953720020080184,Industrials
LMT,0.12764182430548487,Industrials
LMT,NA,Industrials
LNT,NA,Utilities
LNT,0.1751309041220679,Utilities
LNT,0.2872093134577254,Utilities
LNT,-0.05977110989976253,Utilities
LOW,NA,Consumer Discretionary
LOW,0.20046679978042525,Consumer Discretionary
LOW,0.46381509043389313,Consumer Discretionary
LOW,0.05755610810046918,Consumer Discretionary
LRCX,NA,Information Technology
LRCX,NA,Information Technology
LRCX,NA,Information Technology
LRCX,NA,Information Technology
LUK,NA,Financials
LUK,0.22342066217802437,Financials
LUK,-0.20889202540578677,Financials
LUK,-0.2243533006244426,Financials
LUV,NA,Industrials
LUV,1.246284501061571,Industrials
LUV,0.017485845935727884,Industrials
LUV,NA,Industrials
LVLT,NA,Telecommunications Services
LVLT,0.43530924122417813,Telecommunications Services
LVLT,0.4886947234666701,Telecommunications Services
LVLT,0.10085054473773702,Telecommunications Services
LYB,NA,Materials
LYB,0.4062007181643019,Materials
LYB,-0.011086198444023365,Materials
LYB,0.0945963357424906,Materials
M,NA,Consumer Discretionary
M,NA,Consumer Discretionary
M,NA,Consumer Discretionary
M,NA,Consumer Discretionary
MA,NA,Information Technology
MA,0.03128823013778925,Information Technology
MA,0.12999067409514042,Information Technology
MA,NA,Information Technology
MAA,NA,Real Estate
MAA,-0.06193047104247107,Real Estate
MAA,0.2295027583304987,Real Estate
MAA,0.21598818960899813,Real Estate
MAC,NA,Real Estate
MAC,0.010120068784220893,Real Estate
MAC,0.41636959443656973,Real Estate
MAC,-0.03261002121520096,Real Estate
MAR,NA,Consumer Discretionary
MAR,0.3241212235041586,Consumer Discretionary
MAR,0.5811550590133763,Consumer Discretionary
MAR,-0.1408432415845603,Consumer Discretionary
MAS,NA,Industrials
MAS,0.10671941150924047,Industrials
MAS,0.27799196761741896,Industrials
MAS,NA,Industrials
MAT,NA,Consumer Discretionary
MAT,0.2992900955568021,Consumer Discretionary
MAT,-0.3495166099404535,Consumer Discretionary
MAT,-0.12213250009264942,Consumer Discretionary
MCD,NA,Consumer Discretionary
MCD,0.09998866455037603,Consumer Discretionary
MCD,-0.03431930366195313,Consumer Discretionary
MCD,0.26083247366592777,Consumer Discretionary
MCHP,NA,Information Technology
MCHP,NA,Information Technology
MCHP,0.023869431485319614,Information Technology
MCHP,-0.014314948289777196,Information Technology
MCK,NA,Health Care
MCK,NA,Health Care
MCK,0.2810782580985003,Health Care
MCK,-0.30481873525400616,Health Care
MCO,NA,Financials
MCO,0.5594197337042925,Financials
MCO,0.22097612818942114,Financials
MCO,0.0472810572441511,Financials
MDLZ,NA,Consumer Staples
MDLZ,0.3870333050281609,Consumer Staples
MDLZ,0.02917855606738118,Consumer Staples
MDLZ,0.23424160560189344,Consumer Staples
MET,NA,Financials
MET,0.6369155931061199,Financials
MET,0.003152856200031806,Financials
MET,-0.10870772786097249,Financials
MHK,NA,Consumer Discretionary
MHK,0.6458493683447621,Consumer Discretionary
MHK,0.043384870787839036,Consumer Discretionary
MHK,0.219039635562309,Consumer Discretionary
MJN,NA,Consumer Staples
MJN,0.271209641390342,Consumer Staples
MJN,0.20033427172076723,Consumer Staples
MJN,-0.2147404394794069,Consumer Staples
MKC,NA,Consumer Staples
MKC,NA,Consumer Staples
MKC,NA,Consumer Staples
MKC,0.06145250375820521,Consumer Staples
MLM,NA,Materials
MLM,0.06003397390786991,Materials
MLM,0.10386229529993396,Materials
MLM,0.23803482596084136,Materials
MMC,NA,Financials
MMC,0.402959083174961,Financials
MMC,0.18362284566536724,Financials
MMC,-0.031271854253254516,Financials
MMM,NA,Industrials
MMM,0.1716221532976827,Industrials
MMM,-0.08325223598609033,Industrials
MMM,NA,Industrials
MNST,NA,Consumer Staples
MNST,0.2825510408805496,Consumer Staples
MNST,0.598790022080125,Consumer Staples
MNST,0.37480389362085353,Consumer Staples
MO,NA,Consumer Staples
MO,0.22105590899949412,Consumer Staples
MO,0.28340717070609966,Consumer Staples
MO,0.18144913740612956,Consumer Staples
MON,NA,Materials
MON,NA,Materials
MON,NA,Materials
MON,0.0906297779696923,Materials
MOS,NA,Materials
MOS,-0.24942449852022364,Materials
MOS,-0.3956188654712436,Materials
MOS,NA,Materials
MPC,NA,Energy
MPC,NA,Energy
MPC,-0.016025301994157748,Energy
MPC,0.1486815610750818,Energy
MRK,NA,Health Care
MRK,0.22252076752615446,Health Care
MRK,0.1346653773159916,Health Care
MRK,-0.06990669008792583,Health Care
MRO,NA,Energy
MRO,0.1513372146118721,Energy
MRO,-0.19858351837347077,Energy
MRO,-0.5549664349605361,Energy
MSFT,NA,Information Technology
MSFT,NA,Information Technology
MSFT,0.05875302017378847,Information Technology
MSFT,0.15900329970539984,Information Technology
MTB,NA,Financials
MTB,0.18228898971982344,Financials
MTB,0.07902426694767661,Financials
MTB,-0.03534471337339473,Financials
MTD,NA,Health Care
MTD,0.2467949873744999,Health Care
MTD,0.12123922201664006,Health Care
MTD,NA,Health Care
MU,NA,Information Technology
MU,1.4178335298452467,Information Technology
MU,-0.4943614905711219,Information Technology
MU,0.003013803496082046,Information Technology
MUR,NA,Energy
MUR,0.2616463104549591,Energy
MUR,-0.22133165326749316,Energy
MUR,-0.5556215162311956,Energy
MYL,NA,Health Care
MYL,-0.040801827936878254,Health Care
NAVI,NA,Financials
NAVI,NA,Financials
NAVI,NA,Financials
NBL,NA,Energy
NBL,-0.3036264967900969,Energy
NBL,-0.3057136833227915,Energy
NBL,NA,Energy
NDAQ,NA,Financials
NDAQ,0.5926370148059223,Financials
NDAQ,0.2050251307795259,Financials
NDAQ,0.2128857217032052,Financials
NEE,NA,Utilities
NEE,0.23746206858037078,Utilities
NEE,0.24141552529494792,Utilities
NEE,-0.02257975329212769,Utilities
NEM,NA,Materials
NEM,-0.5040912683912848,Materials
NEM,-0.17933134262564732,Materials
NEM,-0.04814814814814816,Materials
NFLX,NA,Information Technology
NFLX,-0.07214057054114487,Information Technology
NFLX,1.343783730719641,Information Technology
NFLX,NA,Information Technology
NFX,NA,Energy
NFX,-0.08028386556072187,Energy
NFX,0.10109630942331727,Energy
NFX,0.2005899631050898,Energy
NKE,NA,Consumer Discretionary
NKE,NA,Consumer Discretionary
NKE,NA,Consumer Discretionary
NKE,NA,Consumer Discretionary
NLSN,NA,Industrials
NLSN,-0.025277817068595,Industrials
NLSN,0.04180634920634918,Industrials
NLSN,NA,Industrials
NOV,NA,Energy
NOV,0.16356979742918076,Energy
NOV,-0.08622183936834149,Energy
NOV,-0.48893632670435416,Energy
NSC,NA,Industrials
NSC,0.18076051533425597,Industrials
NSC,-0.22826388807349796,Industrials
NSC,NA,Industrials
NTAP,NA,Information Technology
NTAP,0.00372816185053515,Information Technology
NTAP,0.03199997142857147,Information Technology
NTAP,-0.34551495973186486,Information Technology
NTRS,NA,Financials
NTRS,0.2338516547049443,Financials
NTRS,0.08902897219306793,Financials
NTRS,0.06958447864734474,Financials
NUE,NA,Materials
NUE,0.23679335032437443,Materials
NUE,-0.0811165589899483,Materials
NUE,-0.17838940220977373,Materials
NVDA,NA,Information Technology
NVDA,NA,Information Technology
NVDA,NA,Information Technology
NVDA,NA,Information Technology
NWL,NA,Consumer Discretionary
NWL,0.4553210597215984,Consumer Discretionary
NWL,0.1752545510644865,Consumer Discretionary
NWL,0.15725917563664993,Consumer Discretionary
NWS,NA,Consumer Discretionary
NWS,NA,Consumer Discretionary
NWS,-0.1839542014925959,Consumer Discretionary
NWS,-0.1804775280898877,Consumer Discretionary
NWSA,NA,Consumer Discretionary
NWSA,NA,Consumer Discretionary
NWSA,-0.18673360163134878,Consumer Discretionary
NWSA,-0.2220699108978753,Consumer Discretionary
O,NA,Real Estate
O,-0.07162390130872676,Real Estate
O,0.27806044585799916,Real Estate
O,0.08216311218115924,Real Estate
OKE,NA,Energy
OKE,0.4545028091460033,Energy
OKE,-0.08539496668650315,Energy
OKE,-0.5047198332050646,Energy
OMC,NA,Consumer Discretionary
OMC,0.04168344594526907,Consumer Discretionary
OMC,-0.023363843767086,Consumer Discretionary
OMC,NA,Consumer Discretionary
ORLY,NA,Consumer Discretionary
ORLY,0.4393872721849086,Consumer Discretionary
ORLY,0.4965424949436916,Consumer Discretionary
ORLY,0.31564741240908045,Consumer Discretionary
OXY,NA,Energy
OXY,0.24135229442456296,Energy
OXY,-0.11676531658996281,Energy
OXY,-0.16127031185621743,Energy
PAYX,NA,Information Technology
PAYX,NA,Information Technology
PAYX,NA,Information Technology
PAYX,NA,Information Technology
PBCT,NA,Financials
PBCT,0.250620347394541,Financials
PBCT,0.003968253968253954,Financials
PBCT,0.06389986824769434,Financials
PBI,NA,Industrials
PBI,1.189849530075188,Industrials
PBI,0.045922834588962846,Industrials
PBI,-0.15264673152865282,Industrials
PCAR,NA,Industrials
PCAR,0.30878122779874406,Industrials
PCAR,0.14940010645259783,Industrials
PCAR,-0.30304366113678394,Industrials
PCG,NA,Utilities
PCG,0.32174784810694756,Utilities
PCG,-9.391998144552272e-4,Utilities
PCG,NA,Utilities
PCLN,NA,Consumer Discretionary
PCLN,0.873660110406516,Consumer Discretionary
PCLN,-0.01908986798162693,Consumer Discretionary
PCLN,0.11817120934624081,Consumer Discretionary
PDCO,NA,Health Care
PDCO,NA,Health Care
PDCO,NA,Health Care
PDCO,NA,Health Care
PEG,NA,Utilities
PEG,0.04705885620915007,Utilities
PEG,0.2924469009848034,Utilities
PEG,-0.0656846413909683,Utilities
PEP,NA,Consumer Staples
PEP,NA,Consumer Staples
PEP,NA,Consumer Staples
PEP,NA,Consumer Staples
PFE,NA,Health Care
PFE,0.22129182615629994,Health Care
PFE,0.016976853312988816,Health Care
PFE,0.03627605136436585,Health Care
PFG,NA,Financials
PFG,0.0533359956735755,Financials
PFG,-0.1340007534462987,Financials
PFG,NA,Financials
PG,NA,Consumer Staples
PG,0.11890420739937557,Consumer Staples
PG,-0.1282247503886157,Consumer Staples
PG,NA,Consumer Staples
PGR,NA,Financials
PGR,0.2924170616113744,Financials
PGR,-0.010267693436010306,Financials
PGR,0.1782141163393851,Financials
PH,NA,Industrials
PH,NA,Industrials
PH,-0.074763388019644,Industrials
PH,-0.07117681473090653,Industrials
PHM,NA,Consumer Discretionary
PHM,0.05350996300883848,Consumer Discretionary
PHM,-0.1696178550614098,Consumer Discretionary
PHM,NA,Consumer Discretionary
PKI,NA,Health Care
PKI,NA,Health Care
PKI,NA,Health Care
PKI,NA,Health Care
PM,NA,Consumer Staples
PM,-0.06518994830219038,Consumer Staples
PM,0.07931255049647223,Consumer Staples
PM,NA,Consumer Staples
PNC,NA,Financials
PNC,0.33047505864388493,Financials
PNC,0.17594741748008724,Financials
PNC,0.04472207460083055,Financials
PNR,NA,Industrials
PNR,0.580264391443972,Industrials
PNR,-0.14484357267525616,Industrials
PNR,-0.254290868843447,Industrials
PNW,NA,Utilities
PNW,0.038054099646920525,Utilities
PNW,0.29081633752140346,Utilities
PNW,-0.05606785407898851,Utilities
PPG,NA,Materials
PPG,0.21875982877233313,Materials
PPG,-0.14497077598885855,Materials
PPG,NA,Materials
PPL,NA,Utilities
PPL,0.05099549601800546,Utilities
PPL,0.2073779328680625,Utilities
PPL,-0.06055603850503499,Utilities
PRU,NA,Financials
PRU,0.7292330309681967,Financials
PRU,-0.019084818704350304,Financials
PRU,-0.10004416427198937,Financials
PSX,NA,Energy
PSX,NA,Energy
PSX,-0.07040062506420175,Energy
PSX,0.14086480366240473,Energy
PVH,NA,Consumer Discretionary
PVH,NA,Consumer Discretionary
PVH,NA,Consumer Discretionary
PVH,NA,Consumer Discretionary
PWR,NA,Industrials
PWR,0.15646749151823047,Industrials
PWR,-0.10044360267565289,Industrials
PWR,-0.2867206511701532,Industrials
PX,NA,Materials
PX,0.18803108784004818,Materials
PX,-0.0036145582066796633,Materials
PX,-0.20963257501748345,Materials
PYPL,NA,Information Technology
PYPL,NA,Information Technology
PYPL,NA,Information Technology
QCOM,NA,Information Technology
QCOM,NA,Information Technology
QCOM,NA,Information Technology
QCOM,NA,Information Technology
QRVO,NA,Information Technology
QRVO,NA,Information Technology
QRVO,NA,Information Technology
R,NA,Industrials
R,0.2584711203370984,Industrials
R,-0.3879374989324178,Industrials
R,NA,Industrials
RCL,NA,Consumer Discretionary
RCL,0.39470582352941186,Consumer Discretionary
RCL,0.7382961509192811,Consumer Discretionary
RCL,0.22782966153099582,Consumer Discretionary
REGN,NA,Health Care
REGN,0.4905174208151948,Health Care
REGN,0.32326628884826336,Health Care
REGN,NA,Health Care
RHI,NA,Industrials
RHI,0.39033098879109374,Industrials
RHI,-0.19253171989496876,Industrials
RHI,NA,Industrials
RHT,NA,Information Technology
RHT,0.1609919472349548,Information Technology
RHT,NA,Information Technology
RHT,NA,Information Technology
RL,NA,Consumer Discretionary
RL,NA,Consumer Discretionary
RL,NA,Consumer Discretionary
RL,NA,Consumer Discretionary
ROK,NA,Industrials
ROK,0.02749200434838217,Industrials
ROK,-0.07653800718614878,Industrials
ROK,0.20567650334407706,Industrials
ROP,NA,Industrials
ROP,0.2439898570867458,Industrials
ROP,0.1274157332846131,Industrials
ROP,0.21387902601039865,Industrials
ROST,NA,Consumer Discretionary
ROST,NA,Consumer Discretionary
ROST,NA,Consumer Discretionary
ROST,NA,Consumer Discretionary
RRC,NA,Energy
RRC,0.3418748259788371,Energy
RRC,-0.36603010001257497,Energy
RRC,-0.5395696812054316,Energy
RSG,NA,Industrials
RSG,0.21234936107381452,Industrials
RSG,0.09291930434782603,Industrials
RSG,NA,Industrials
SBUX,NA,Consumer Discretionary
SBUX,NA,Consumer Discretionary
SBUX,NA,Consumer Discretionary
SBUX,NA,Consumer Discretionary
SCG,NA,Utilities
SCG,0.028264702635072192,Utilities
SCG,0.28702326869806094,Utilities
SCG,0.0014900661758254774,Utilities
SCHW,NA,Financials
SCHW,0.8105849582172702,Financials
SCHW,0.1611538846153846,Financials
SCHW,0.0907584931845482,Financials
SE,NA,Energy
SE,0.3009496092384809,Energy
SE,0.019090399188388618,Energy
SE,-0.3404958220522265,Energy
SEE,NA,Materials
SEE,0.24610870032624677,Materials
SEE,0.05114301201979732,Materials
SEE,NA,Materials
SHW,NA,Materials
SHW,0.19295274768775683,Materials
SHW,0.4334605395095368,Materials
SHW,-0.013077869838424405,Materials
SIG,NA,Consumer Discretionary
SIG,NA,Consumer Discretionary
SIG,NA,Consumer Discretionary
SIG,NA,Consumer Discretionary
SJM,NA,Consumer Staples
SJM,-0.06345057453887692,Consumer Staples
SJM,0.199007012825817,Consumer Staples
SJM,NA,Consumer Staples
SLG,NA,Real Estate
SLG,0.20521845518020987,Real Estate
SLG,0.28837411631437915,Real Estate
SLG,-0.05074772435089214,Real Estate
SNA,NA,Consumer Discretionary
SNA,NA,Consumer Discretionary
SNA,NA,Consumer Discretionary
SNA,NA,Consumer Discretionary
SNI,NA,Consumer Discretionary
SNI,0.4918854796921781,Consumer Discretionary
SNI,-0.1289203388996487,Consumer Discretionary
SNI,-0.2665072246515434,Consumer Discretionary
SO,NA,Utilities
SO,-0.039710347121926115,Utilities
SO,0.19459984931647178,Utilities
SO,-0.04724088684095118,Utilities
SPG,NA,Real Estate
SPG,-0.03751028180230098,Real Estate
SPG,0.27223282288083817,Real Estate
SPG,0.06770633645760049,Real Estate
SPGI,NA,Financials
SPGI,0.13785174441886494,Financials
SPGI,0.10788939847529555,Financials
SPGI,NA,Financials
SPLS,NA,Consumer Discretionary
SPLS,NA,Consumer Discretionary
SPLS,NA,Consumer Discretionary
SPLS,NA,Consumer Discretionary
SRCL,NA,Industrials
SRCL,0.24539021489483503,Industrials
SRCL,0.12834642555472886,Industrials
SRCL,-0.07995120415088186,Industrials
SRE,NA,Utilities
SRE,0.2652946076883391,Utilities
SRE,0.24064169472723496,Utilities
SRE,-0.15580099536816627,Utilities
STI,NA,Financials
STI,0.2984127336860669,Financials
STI,0.13827766535513009,Financials
STI,0.022434318738218773,Financials
STT,NA,Financials
STT,0.06962802929047585,Financials
STT,-0.1546496687898089,Financials
STT,NA,Financials
STX,NA,Information Technology
STX,0.2696853772168022,Information Technology
STX,NA,Information Technology
STX,NA,Information Technology
STZ,NA,Consumer Staples
STZ,0.8316002562567699,Consumer Staples
STZ,NA,Consumer Staples
STZ,NA,Consumer Staples
SWK,NA,Consumer Discretionary
SWK,NA,Consumer Discretionary
SWK,NA,Consumer Discretionary
SWK,NA,Consumer Discretionary
SWKS,NA,Information Technology
SWKS,1.230520791279774,Information Technology
SWKS,0.5214479276018098,Information Technology
SWKS,-0.09421840576298834,Information Technology
SWN,NA,Energy
SWN,0.17719251721041607,Energy
SWN,-0.30612764779417,Energy
SWN,-0.7394650150434219,Energy
SYF,NA,Financials
SYF,NA,Financials
SYF,NA,Financials
SYF,NA,Financials
SYK,NA,Health Care
SYK,0.25538998210526986,Health Care
SYK,-0.014735502708883463,Health Care
SYK,NA,Health Care
SYMC,NA,Information Technology
SYMC,NA,Information Technology
SYMC,NA,Information Technology
SYMC,NA,Information Technology
SYY,NA,Consumer Staples
SYY,NA,Consumer Staples
SYY,NA,Consumer Staples
SYY,NA,Consumer Staples
T,NA,Telecommunications Services
T,0.04301397339109947,Telecommunications Services
T,-0.04465301478953332,Telecommunications Services
T,0.024412027389103752,Telecommunications Services
TAP,NA,Consumer Staples
TAP,0.3271592937788319,Consumer Staples
TAP,0.2603328204642843,Consumer Staples
TAP,NA,Consumer Staples
TDC,NA,Information Technology
TDC,-0.26498622176419817,Information Technology
TDC,-0.039789006823960915,Information Technology
TDC,-0.3951465201465201,Information Technology
TDG,NA,Industrials
TDG,0.32898346061247574,Industrials
TDG,0.15233549446823091,Industrials
TDG,0.36114114003782993,Industrials
TEL,NA,Information Technology
TEL,0.13163972539722324,Information Technology
TEL,-0.006462602150724472,Information Technology
TEL,0.10201984258883412,Information Technology
TGNA,NA,Consumer Discretionary
TGNA,NA,Consumer Discretionary
TGNA,NA,Consumer Discretionary
TGNA,-0.20075164422173508,Consumer Discretionary
TGT,NA,Consumer Discretionary
TGT,NA,Consumer Discretionary
TGT,NA,Consumer Discretionary
TGT,NA,Consumer Discretionary
TIF,NA,Consumer Discretionary
TIF,0.26524717870722436,Consumer Discretionary
TIF,NA,Consumer Discretionary
TIF,NA,Consumer Discretionary
TJX,NA,Consumer Discretionary
TJX,NA,Consumer Discretionary
TJX,NA,Consumer Discretionary
TJX,NA,Consumer Discretionary
TMK,NA,Financials
TMK,0.5124828512691557,Financials
TMK,0.03973127420870837,Financials
TMK,0.05519664224466081,Financials
TMO,NA,Health Care
TMO,0.7458450885206191,Health Care
TMO,0.12519086888533226,Health Care
TMO,0.13217339666235617,Health Care
TRIP,NA,Consumer Discretionary
TRIP,NA,Consumer Discretionary
TRIP,-0.09863573346285803,Consumer Discretionary
TRIP,0.14184296052274514,Consumer Discretionary
TRV,NA,Financials
TRV,0.16909649691742312,Financials
TRV,0.06622582080728989,Financials
TRV,NA,Financials
TSCO,NA,Consumer Discretionary
TSCO,NA,Consumer Discretionary
TSCO,NA,Consumer Discretionary
TSCO,NA,Consumer Discretionary
TSN,NA,Consumer Staples
TSN,0.47715200141693237,Consumer Staples
TSN,NA,Consumer Staples
TSN,NA,Consumer Staples
TSO,NA,Energy
TSO,0.3280363525093384,Energy
TSO,0.2709401367521367,Energy
TSO,0.4172159493534888,Energy
TSS,NA,Information Technology
TSS,0.5536880952380949,Information Technology
TSS,0.020432692921655615,Information Technology
TSS,0.4664311091410809,Information Technology
TXN,NA,Information Technology
TXN,0.4214956756715984,Information Technology
TXN,0.2177180824413576,Information Technology
TXN,0.025060781278085198,Information Technology
TXT,NA,Industrials
TXT,NA,Industrials
TXT,NA,Industrials
TXT,NA,Industrials
UA,NA,Consumer Discretionary
UA,NA,Consumer Discretionary
UA,NA,Consumer Discretionary
UA,NA,Consumer Discretionary
UAA,NA,Consumer Discretionary
UAA,0.7988873850996785,Consumer Discretionary
UAA,-0.22222222604047337,Consumer Discretionary
UAA,0.18718701952320993,Consumer Discretionary
UAL,NA,Industrials
UAL,0.6180497698053793,Industrials
UAL,0.7681732874346663,Industrials
UAL,-0.14336971360995243,Industrials
UDR,NA,Real Estate
UDR,-0.01808246349527054,Real Estate
UDR,0.3199143468950749,Real Estate
UDR,0.21901362751460085,Real Estate
UHS,NA,Health Care
UHS,0.6806619516302772,Health Care
UHS,0.3691853219496599,Health Care
UHS,0.07397084174059243,Health Care
ULTA,NA,Consumer Discretionary
ULTA,NA,Consumer Discretionary
ULTA,NA,Consumer Discretionary
ULTA,NA,Consumer Discretionary
UNH,NA,Health Care
UNH,0.34249657334010997,Health Care
UNH,0.16371553719321552,Health Care
UNH,NA,Health Care
UNM,NA,Financials
UNM,0.6849184438040345,Financials
UNM,-0.0057012824571675,Financials
UNM,-0.04558486107841575,Financials
UNP,NA,Industrials
UNP,0.4182142500000001,Industrials
UNP,-0.3435742552734221,Industrials
UNP,NA,Industrials
UPS,NA,Industrials
UPS,0.4252000233880364,Industrials
UPS,0.057955803997796096,Industrials
UPS,-0.13438873139135987,Industrials
URBN,NA,Consumer Discretionary
URBN,-0.16308409259542267,Consumer Discretionary
URBN,NA,Consumer Discretionary
URBN,NA,Consumer Discretionary
USB,NA,Financials
USB,0.12620576098606628,Financials
USB,0.07566024448394604,Financials
USB,NA,Financials
UTX,NA,Industrials
UTX,0.010544788825708418,Industrials
UTX,-0.16460869565217395,Industrials
UTX,NA,Industrials
V,NA,Information Technology
V,0.11653578388689323,Information Technology
V,0.30590065393215204,Information Technology
V,0.18719483564772688,Information Technology
VAR,NA,Health Care
VAR,0.0905904826098678,Health Care
VAR,-0.07058096240838152,Health Care
VAR,0.32371321123252517,Health Care
VFC,NA,Consumer Discretionary
VFC,0.6517188736058896,Consumer Discretionary
VFC,NA,Consumer Discretionary
VFC,NA,Consumer Discretionary
VIAB,NA,Consumer Discretionary
VIAB,-0.07944484136288954,Consumer Discretionary
VIAB,-0.4391733704399956,Consumer Discretionary
VIAB,-0.11703369098337468,Consumer Discretionary
VLO,NA,Energy
VLO,0.6159907328254581,Energy
VLO,-0.017857181831064217,Energy
VLO,0.4284848282828282,Energy
VMC,NA,Materials
VMC,0.14159460406521807,Materials
VMC,0.10619328866352373,Materials
VMC,0.4448500937996307,Materials
VNO,NA,Real Estate
VNO,0.32571239638157223,Real Estate
VNO,-0.06247698404596125,Real Estate
VNO,NA,Real Estate
VRSK,NA,Industrials
VRSK,0.2893859076047496,Industrials
VRSK,-0.025410803021746697,Industrials
VRSK,0.20031215299084382,Industrials
VRSN,NA,Information Technology
VRSN,0.5399278464708912,Information Technology
VRSN,-0.04650383149052906,Information Technology
VRSN,0.532631596491228,Information Technology
VRTX,NA,Health Care
VRTX,0.7732696766935716,Health Care
VRTX,0.5989232598012142,Health Care
VRTX,0.05917507426325552,Health Care
VTR,NA,Real Estate
VTR,0.25174577953466803,Real Estate
VTR,-0.21297067836697392,Real Estate
VTR,NA,Real Estate
VZ,NA,Telecommunications Services
VZ,0.1356597873815577,Telecommunications Services
VZ,-0.048026049003379256,Telecommunications Services
VZ,-0.011970885249484309,Telecommunications Services
WAT,NA,Health Care
WAT,0.14784201740672587,Health Care
WAT,0.12720000999999992,Health Care
WAT,0.1939318737231026,Health Care
WDC,NA,Information Technology
WDC,0.4962152037365115,Information Technology
WDC,NA,Information Technology
WDC,NA,Information Technology
WEC,NA,Utilities
WEC,0.12184537974737486,Utilities
WEC,0.275762022254475,Utilities
WEC,-0.027114162794305452,Utilities
WFC,NA,Financials
WFC,0.32826220011702745,Financials
WFC,0.2074889335907959,Financials
WFC,-0.008391079897847598,Financials
WFM,NA,Consumer Staples
WFM,NA,Consumer Staples
WFM,NA,Consumer Staples
WFM,NA,Consumer Staples
WHR,NA,Consumer Discretionary
WHR,0.23511413849857088,Consumer Discretionary
WHR,-0.24192220909667062,Consumer Discretionary
WHR,NA,Consumer Discretionary
WLTW,NA,Financials
WLTW,NA,Financials
WLTW,NA,Financials
WLTW,NA,Financials
WM,NA,Industrials
WM,0.14374863257741555,Industrials
WM,0.03994542088854258,Industrials
WM,NA,Industrials
WMB,NA,Energy
WMB,0.17806956761945236,Energy
WMB,0.16515423904589066,Energy
WMB,-0.4281263557660515,Energy
WMT,NA,Consumer Staples
WMT,0.06761977416525133,Consumer Staples
WMT,NA,Consumer Staples
WMT,NA,Consumer Staples
WRK,NA,Materials
WRK,NA,Materials
WRK,-0.057542749952230854,Materials
WU,NA,Information Technology
WU,0.26745040411462173,Information Technology
WU,0.03826086956521735,Information Technology
WU,0,Information Technology
WY,NA,Real Estate
WY,0.1347951114306254,Real Estate
WY,0.1368387393094712,Real Estate
WY,-0.16466980118890506,Real Estate
WYN,NA,Consumer Discretionary
WYN,0.38489012187352234,Consumer Discretionary
WYN,0.1637942688616021,Consumer Discretionary
WYN,-0.15286846658422415,Consumer Discretionary
WYNN,NA,Consumer Discretionary
WYNN,0.726464667552043,Consumer Discretionary
WYNN,-0.23402507781177306,Consumer Discretionary
WYNN,-0.5348883817857079,Consumer Discretionary
XEC,NA,Energy
XEC,0.8172527975056298,Energy
XEC,0.010389819449439619,Energy
XEC,-0.15679248113207545,Energy
XEL,NA,Utilities
XEL,0.04605024507863131,Utilities
XEL,0.2856119081742339,Utilities
XEL,-2.783407727362519e-4,Utilities
XL,NA,Financials
XL,0.27055072907225575,Financials
XL,0.0794597675879396,Financials
XL,0.1399476619129374,Financials
XLNX,NA,Information Technology
XLNX,NA,Information Technology
XLNX,NA,Information Technology
XLNX,NA,Information Technology
XOM,NA,Energy
XOM,0.16926624485501174,Energy
XOM,-0.08646245315600154,Energy
XOM,-0.15684154105489045,Energy
XRAY,NA,Health Care
XRAY,0.2239333192644959,Health Care
XRAY,0.09880363036303641,Health Care
XRAY,0.14229393654965272,Health Care
XRX,NA,Information Technology
XRX,0.7844574780058651,Information Technology
XRX,0.13886606409202962,Information Technology
XRX,-0.23304473304473294,Information Technology
XYL,NA,Industrials
XYL,NA,Industrials
XYL,0.1002890809415653,Industrials
XYL,-0.041239821381665376,Industrials
YHOO,NA,Information Technology
YHOO,1.0321607537688444,Information Technology
YHOO,0.2490108617460649,Information Technology
YHOO,-0.3415165449026547,Information Technology
YUM,NA,Consumer Discretionary
YUM,NA,Consumer Discretionary
YUM,NA,Consumer Discretionary
YUM,NA,Consumer Discretionary
ZBH,NA,Health Care
ZBH,0.39798974509512486,Health Care
ZBH,0.21708333046285366,Health Care
ZBH,-0.09548582428999874,Health Care
ZION,NA,Financials
ZION,0.3999999532710281,Financials
ZION,-0.04839783205600234,Financials
ZION,-0.04244128376008427,Financials
ZTS,NA,Health Care
ZTS,0.3163046900062614,Health Care
ZTS,0.11364162476508555,Health Care
ZTS,NA,Health Care
